Company Name,Phone Number,Category,Website URL
Sydney Building and Construction Group,+61 2 9635 8626,Home builder,https://www.sydneybuildingandconstructiongroup.com.au/
Sydney Contracting Engineers,+61 2 9051 9590,Construction company,https://scecorp.au/
ADCO Constructions Sydney,+61 2 8437 5000,Construction company,https://adcoconstruct.com.au/?utm_source=google&utm_medium=directory-organic&utm_campaign=sydney
Sydney East Building & Renovations,+61 405 271 066,Construction company,http://www.sydneyeastbuilding.com.au/
JQ Construction & Maintenance-Home renovation&extension rebuild Sydney builder,+61 452 030 366,Construction company,https://jqcmnsw.com.au/
Constec Construction,+61 2 8338 1945,Home builder,http://www.constec.com.au/
DY Constructions Australia | Office Fitout & Refurbishment Specialists,+61 1300 737 656,Office refurbishment service,https://www.dyconstructions.com.au/
Top Level Construction Pty Ltd,+61 420 599 512,Home builder,http://www.tlconstruction.com.au/
Aoun Constructions - Sewer Services Sydney,+61 414 655 675,Construction company,https://www.sewerservicessydney.com/
MNR Constructions,+61 2 9681 4585,Construction company,http://www.mnrconstructions.com.au/
Sydney Constructions,+61 420 789 474,Construction company,https://www.sydney-constructions.com.au/
RB Sydney Builders,+61 413 128 470,Construction company,http://www.rbsb.com.au/
Northpoint Construction Group,+61 2 9687 8889,Construction company,http://www.npoint.com.au/
Keep Constructions,+61 412 462 060,Construction company,https://www.keepconstructions.com.au/
Simmons Civil Contracting | Civil Contractors Sydney,+61 2 9620 6100,Construction company,https://simmonscivil.com.au/
Versatile,+61 2 9896 7727,Construction company,https://versatilegroup.com.au/
Platinum Corp Construction,+61 406 209 393,Construction company,https://platinumcorpconstruction.com.au/
BIC Construction Pty Ltd,,Custom home builder,https://www.bicconstruction.com.au/
Sydney Foreshore Constructions,+61 409 333 884,Construction company,http://www.sydneyforeshore.com.au/
Builders Sydney Experts,+61 2 8080 4327,Home builder,https://www.builderssydneyexperts.com.au/?utm_source=google&utm_medium=local&utm_campaign=GMB_Location
Trade Industries Group - Home & Apartment Renovations in Sydney,+61 468 013 922,Home builder,https://tradeindustriesgroup.com.au/
Absolute Build Group,+61 414 383 881,Construction company,https://www.absolutebuildgroup.com.au/
Makka Constructions,+61 404 610 404,Construction company,https://makkaconstructions.com.au/
Kongstruction Pty Ltd,+61 2 8880 9656,Custom home builder,https://kongstruction.com.au/?utm_source=google&utm_medium=organic&utm_campaign=gbp&utm_content=website
All Sydney Constructions,+61 414 325 407,Home builder,https://www.allsydneyconstructions.au/
Flomar Civil,+61 2 9498 5168,Construction company,https://flomarcivil.com/
SPH Built – Custom Home Builder Sydney,+61 488 307 340,Custom home builder,https://www.sphbuilt.com.au/
Sydney Constructions & Design PTY LTD,+61 403 251 952,Home builder,http://www.sydneyconstructions.net.au/
Sydney City Civil Australia,+61 2 9567 8858,Demolition contractor,
CPB Contractors,+61 2 8668 6000,Construction company,https://www.cpbcon.com.au/en
Gardner Construction,+61 2 3820 9220,Custom home builder,http://www.gardnerconstruction.com.au/
Elco Constructions,+61 1300 287 457,Construction company,http://www.elcoconstructions.com.au/
Cubic Projects,+61 1800 028 242,Construction company,https://www.cubicprojects.com.au/#utm_source=Google+My+Business&utm_medium=Google&utm_campaign=Organic
Trade Constructions,+61 1800 994 083,Construction company,https://www.tradeconstructions.com.au/
Upright Constructions NSW Pty Ltd,+61 413 683 849,Construction company,http://uprightconstructions.com.au/
Wright Construction Sydney,+61 405 537 723,Custom home builder,https://wrightconstruction.com.au/
Western Sydney Constructions,+61 2 4748 9750,Construction company,https://www.wsc.sydney/
Sydney Living Constructions Pty Ltd,+61 412 973 681,Construction company,http://sydneylivingconstructions.com.au/
Infinity Constructions Group,+61 2 9332 4722,Construction company,http://www.infinityconstructions.com.au/
Pioneer Contracting,+61 422 033 056,Custom home builder,https://pioneercontracting.com.au/
Syd Civil,+61 404 578 529,Excavating contractor,http://sydcivil.com.au/
Parkview Constructions Pty Limited,+61 2 9506 1500,Construction company,https://parkview.com.au/
SR Construction,+61 2 8311 7400,Construction company,http://www.srconstruction.com.au/
SHAPE Australia NSW,+61 2 9906 6977,Construction company,https://shape.com.au/
Capital Construction & Refurbishing,+61 2 9437 6222,Construction company,https://capitalconstruct.com.au/
Binah,+61 2 9426 6900,Construction company,http://www.binah.com.au/
Andrews & Andrews Construction Pty Ltd,+61 466 061 665,Construction company,http://www.aaconstruct.com.au/
Pillar Build Group a Construction Company in Sydney,+61 2 9188 2118,Home builder,http://www.pillarbuild.com.au/
Built,+61 2 8332 4111,Construction company,http://www.built.com.au/
Doyen Construction Group,+61 2 8283 7911,Construction company,https://www.doyengroup.com.au/
CMT Building Services (NSW) Pty Ltd,+61 416 246 431,Construction company,http://www.cmtbuilding.com.au/
Double Diamond Construction,+61 1300 659 393,Construction company,https://www.doublediamondconstruction.com.au/
Green Civil Australia,+61 2 9300 8111,Construction company,http://www.greencivilau.com.au/
JB Sydney Builders,+61 455 370 266,Home builder,http://www.jbsydneybuilders.com.au/
Beach Constructions,+61 2 9550 9199,Construction company,http://www.beach.com.au/
ACCIONA Sydney,+61 2 8117 0100,Construction company,https://www.acciona.com.au/
Structure Australia,+61 2 9191 7385,Construction company,https://www.structure.com.au/
CD Construction Group,+61 2 8332 7400,Construction company,https://cdconstruction.com.au/
CIP Constructions,+61 1800 829 877,Construction company,https://cipconstruct.com.au/
METRO Construction Group,+61 1300 286 107,Construction company,http://www.metrocg.com.au/
Oz Building & Construction Services | Labour Hire,+61 440 130 063,Employment agency,https://www.ozbacs.com/
Concrete Cutting Sydney,+61 428 109 194,Concrete contractor,http://www.concretecuttingsydney.net.au/
Sydney Region Construction Services PTY LTD,+61 457 445 977,Construction company,http://sydneyregionconstructionservices.com.au/
Ryan Jones Building Co Pty Ltd,+61 499 909 542,Construction company,http://www.ryanjonesbuildingco.com.au/
Bouygues Construction Australia,+60 18-264 0698,Construction company,http://www.bouygues-construction.com.au/
Ferrovial Construction (Australia) Pty Ltd,+61 2 8736 9600,Construction company,https://www.ferrovial.com/en/f-construction-au/
The Construction Site,+61 414 234 441,Video production service,http://theconstructionsite.com.au/
"Auspec Building Services - Home Renovation Contractor Sydney | New Builds, Additions, Extensions, renovations",+61 451 669 347,Home builder,https://auspec.com.au/
Sydney Construction Group,+61 1300 860 822,Construction company,http://www.sydneyconstructiongroup.com.au/
ATTCORP SERVICES,+61 2 9264 7986,Construction company,http://attcorpservices.com/
Schiavello Construction,+61 2 9213 1500,Construction company,http://www.schiavello.com/construction
TRUE Fitout & Construction,,Construction company,http://www.truefitout.com.au/
Alpha Construction Services Pty Ltd,+61 415 728 744,Construction company,http://www.alphaconstructionsydney.com.au/
Roberts Co,+61 1300 019 692,Construction company,http://au.roberts.co/
Sydney Civil Pty Ltd,+61 1300 997 858,Civil engineer,http://www.sydneycivil.com/
Taylor Construction Group,+61 2 8736 9000,Construction company,http://taylorau.com.au/
PCL Construction,+61 2 9976 3573,Construction company,https://www.pcl.com/au/en/who-we-are/our-offices/australia
CS Formwork Contractors Sydney,+61 2 9059 5567,Concrete contractor,https://www.formworkcontractorssydney.com/
Project One Group,+61 2 9037 8757,Construction company,http://www.projectone.com.au/
JRConstructions,+61 420 256 734,Construction company,https://www.jr-constructions.com.au/?utm_source=local&utm_medium=organic&utm_campaign=gmb&utm_content=website
ABC CONSTRUCTIONS NSW PTY LTD,,Home builder,http://www.abcconstructionsnsw.com.au/
Menai Civil Contractors Pty Ltd.,+61 2 9605 2222,Contractor,http://www.menaicivil.com.au/
SJA Construction Services Pty Ltd.,+61 2 9236 5000,Construction company,http://sja.com.au/
Australia Building Construction,+61 410 193 087,Construction company,
Ace Construction,+61 2 9188 4330,Construction company,http://aceconstructiongroup.com.au/
Cliffo's Construction Services,+61 402 508 559,Construction company,http://www.cliffosconstruction.com.au/
Sydney Contracting Group,+61 403 150 036,Construction company,https://sydneycontractinggroup.com/
Sunshine Contracting Group,+61 2 9127 8050,Corporate office,http://sunshinecontracting.com.au/
Rork Projects Sydney,+61 2 9232 6442,Construction company,http://www.rorkprojects.com.au/
Awesim Construction Project Management,+61 1800 293 746,Construction company,https://awesim.com.au/project-management/
Icon Project Management,+61 2 8035 2300,Construction company,http://iconpm.com.au/
Turrell Building,+61 2 9653 1003,Custom home builder,http://www.turrell.com.au/
Pioneer Building Group,+61 2 9728 9885,Construction company,http://pioneergroup.com.au/
Plan Group NSW Pty Ltd,+61 417 080 905,Construction company,https://plangroup.com.au/
The Home Establishment,+61 2 4572 3992,Real estate developer,https://thehomeestablishment.com.au/
Shore Projects,+61 2 9557 0808,Construction company,http://www.shore.com.au/
Smith & Sons Renovations & Extensions Turramurra,+61 1300 787 577,Construction company,https://www.smithandsons.com.au/renovation-builder/turramurra-1288/
Lendlease,+61 2 9236 6111,Construction company,https://www.lendlease.com/?utm_source=google&utm_medium=google-my-business&utm_campaign=google-my-business
Sydney Roof Repair Service Co.,+61 2 5104 1582,Roofing contractor,
Forest Waterproofing,0412 479 202,Waterproofing Company,
Perennial Consulting Engineers,0494 171 422,Civil Engineering,
Monluk Sydney,+61 411 753 994,Construction company,https://monluk.com.au/
Syd Civil demolition and excavation,+61 404 578 529,Demolition contractor,https://sydcivil.com.au/
St Hilliers NSW,+61 2 9259 5200,Construction company,http://www.sthilliers.com.au/
Construct Estimates Pty Ltd,+61 488 620 354,Quantity surveyor,https://constructestimates.com/
Evoke Projects - Sydney,+61 1300 720 692,Interior fitting contractor,https://www.evokeprojects.com.au/
Cornerstone Civil & Construction,+61 1300 149 141,Civil engineer,https://www.cccgroup.net/
Meridian Construction Services,+61 2 9599 0399,Construction company,https://www.meridianconstruction.com.au/
Sydney Wide Constructions Pty Ltd,+61 430 352 105,Construction company,http://www.sydneywideconstructions.com.au/
Corporate Interior Projects,+61 1800 937 247,Contractor,https://www.ciprojects.com.au/
Alpha Nobis,+61 2 8076 4627,Construction company,http://www.alphanobis.com.au/
Granny Flat Builder Sydney,+61 413 073 351,Construction company,http://www.grannyflatbuildersydney.com/
The Local Electrician Sydney Level 2 & Emergency Specialists,+61 439 823 190,Electrician,https://www.thelocalelectrician.com.au/
Australian Electrical Force,+61 2 8331 7199,Electrician,http://auselectricalforce.com.au/
Sydney Central Building Services PTY LTD,+61 499 793 639,Demolition contractor,https://www.sydneycbs.com.au/
Arcon Australia (NSW) Pty Ltd,+61 2 8305 4100,Construction company,http://www.arconprojects.com.au/contact-us
PMG Group,+61 2 8234 4200,Consultant,https://pmggroup.com.au/
Vestra,+61 2 8310 9922,Office refurbishment service,https://vestra.com.au/?utm_source=gmb+&utm_medium=organic&utm_campaign=vestra
,,,
