Company Name,Phone Number,Category,Website URL
Sydney Building and Construction Group,+61 2 9635 8626,Home builder,https://www.sydneybuildingandconstructiongroup.com.au/
Sydney East Building & Renovations,+61 405 271 066,Construction company,http://www.sydneyeastbuilding.com.au/
Top Level Construction Pty Ltd,+61 420 599 512,Home builder,http://www.tlconstruction.com.au/
Sydney Constructions,+61 420 789 474,Construction company,https://www.sydney-constructions.com.au/
Simmons Civil Contracting | Civil Contractors Sydney,+61 2 9620 6100,Construction company,https://simmonscivil.com.au/
Elco Constructions,+61 1300 287 457,Construction company,http://www.elcoconstructions.com.au/
ABC CONSTRUCTIONS NSW PTY LTD,,Home builder,http://www.abcconstructionsnsw.com.au/
Sydney Contracting Engineers,+61 2 9051 9590,Construction company,https://scecorp.au/
DY Constructions Australia | Office Fitout & Refurbishment Specialists,+61 1300 737 656,Office refurbishment service,https://www.dyconstructions.com.au/
Aoun Constructions - Sewer Services Sydney,+61 414 655 675,Construction company,https://www.sewerservicessydney.com/
ADCO Constructions Sydney,+61 2 8437 5000,Construction company,https://adcoconstruct.com.au/?utm_source=google&utm_medium=directory-organic&utm_campaign=sydney
Wright Construction Sydney,+61 405 537 723,Custom home builder,https://wrightconstruction.com.au/
MJ Sydney Building Construction,+61 430 035 373,Building consultant,http://mjsbc.com/
Sydney Foreshore Constructions,+61 409 333 884,Construction company,http://www.sydneyforeshore.com.au/
Ryan Jones Building Co Pty Ltd,+61 499 909 542,Construction company,http://www.ryanjonesbuildingco.com.au/
Sydney Region Construction Services PTY LTD,+61 457 445 977,Construction company,http://sydneyregionconstructionservices.com.au/
NSW Building And Civil,+61 450 601 060,Construction company,https://nswbuildingandcivil.com.au/
Versatile,+61 2 9896 7727,Construction company,https://versatilegroup.com.au/
Taylor Construction Group,+61 2 8736 9000,Construction company,http://taylorau.com.au/
Australia Building Construction,+61 410 193 087,Construction company,
Ferrovial Construction (Australia) Pty Ltd,+61 2 8736 9600,Construction company,https://www.ferrovial.com/en/f-construction-au/
Sydney Living Constructions Pty Ltd,+61 412 973 681,Construction company,http://sydneylivingconstructions.com.au/
MNR Constructions,+61 2 9681 4585,Construction company,http://www.mnrconstructions.com.au/
Blue Arc Construction Pty Ltd,+61 431 996 808,Construction company,http://bluearcconstruction.com.au/
Pillar Build Group a Construction Company in Sydney,+61 2 9188 2118,Home builder,http://www.pillarbuild.com.au/
Evolve Constructions NSW,+61 2 9698 5520,Construction company,http://evolveconstructions.com.au/
Trade Constructions,+61 1800 994 083,Construction company,https://www.tradeconstructions.com.au/
Trade Industries Group - Home & Apartment Renovations in Sydney,+61 468 013 922,Home builder,https://tradeindustriesgroup.com.au/
All Sydney Constructions,+61 414 325 407,Home builder,https://www.allsydneyconstructions.au/
SHAPE Australia NSW,+61 2 9906 6977,Construction company,https://shape.com.au/
Beach Constructions,+61 2 9550 9199,Construction company,http://www.beach.com.au/
Cubic Projects,+61 1800 028 242,Construction company,https://www.cubicprojects.com.au/#utm_source=Google+My+Business&utm_medium=Google&utm_campaign=Organic
SR Construction,+61 2 8311 7400,Construction company,http://www.srconstruction.com.au/
Makka Constructions,+61 404 610 404,Construction company,https://makkaconstructions.com.au/
JB Sydney Builders,+61 455 370 266,Home builder,http://www.jbsydneybuilders.com.au/
Builders Sydney Experts,+61 2 8080 4327,Home builder,https://www.builderssydneyexperts.com.au/?utm_source=google&utm_medium=local&utm_campaign=GMB_Location
Doyen Construction Group,+61 2 8283 7911,Construction company,https://www.doyengroup.com.au/
SPH Built – Custom Home Builder Sydney,+61 488 307 340,Custom home builder,https://www.sphbuilt.com.au/
Pioneer Contracting,+61 422 033 056,Custom home builder,https://pioneercontracting.com.au/
Parkview Constructions Pty Limited,+61 2 9506 1500,Construction company,https://parkview.com.au/
CMT Building Services (NSW) Pty Ltd,+61 416 246 431,Construction company,http://www.cmtbuilding.com.au/
Western Sydney Constructions,+61 2 4748 9750,Construction company,https://www.wsc.sydney/
Built,+61 2 8332 4111,Construction company,http://www.built.com.au/
Prestige Building Services NSW,+61 404 031 144,Construction company,http://prestigebuildingnsw.com.au/
Bouygues Construction Australia,+60 18-264 0698,Construction company,http://www.bouygues-construction.com.au/
Kongstruction Pty Ltd,+61 2 8880 9656,Custom home builder,https://kongstruction.com.au/?utm_source=google&utm_medium=organic&utm_campaign=gbp&utm_content=website
CD Construction Group,+61 2 8332 7400,Construction company,https://cdconstruction.com.au/
Apollo New South Wales,+61 449 555 333,Construction company,http://apollonsw.com.au/
ACCIONA Sydney,+61 2 8117 0100,Construction company,https://www.acciona.com.au/
Alpha Construction Services Pty Ltd,+61 415 728 744,Construction company,http://www.alphaconstructionsydney.com.au/
CIP Constructions,+61 1800 829 877,Construction company,https://cipconstruct.com.au/
"Auspec Building Services - Home Renovation Contractor Sydney | New Builds, Additions, Extensions, renovations",+61 451 669 347,Home builder,https://auspec.com.au/
Sydney Waterfront Constructions,+61 2 9525 7426,Construction company,https://sydneywaterfront.com.au/
METRO Construction Group,+61 1300 286 107,Construction company,http://www.metrocg.com.au/
WS CONSTRUCTION AUSTRALIA PTY LTD,+61 2 8306 2200,Construction company,http://wsconstructionau.com/
Sydney Building Corporation Pty Ltd,+61 2 9560 0809,Construction company,http://sbcorp.com.au/
Hemsby Constructions,+61 403 975 547,Construction company,https://hemsbyconstructions.com.au/
Forge Construction Projects,,Construction company,https://forgecp.com.au/
Structure Australia,+61 2 9191 7385,Construction company,https://www.structure.com.au/
Rapid Construction Pty Ltd.,+61 2 9683 9000,Construction company,http://www.rapidconstruction.com.au/
R & Y Construction Group,+61 450 092 142,Custom home builder,https://ryconstructions.com.au/?utm_source=local&utm_medium=organic&utm_term=gmb&utm_content=website
Sydney Central Building Services PTY LTD,+61 499 793 639,Demolition contractor,https://www.sydneycbs.com.au/
Syd Civil,+61 404 578 529,Excavating contractor,http://sydcivil.com.au/
Smith & Sons Renovations & Extensions Turramurra,+61 1300 787 577,Construction company,https://www.smithandsons.com.au/renovation-builder/turramurra-1288/
Central Civil (NSW),+61 499 010 000,Demolition contractor,http://centralcivilnsw.com.au/
Mardini Constructions,+61 419 714 719,Home builder,http://mardiniconstructions.com.au/
Aviso Construction Pty Ltd,+61 432 387 881,Construction company,http://www.avisoconstructiongroup.com.au/
Schiavello Construction,+61 2 9213 1500,Construction company,http://www.schiavello.com/construction
Sydney Metro Homes,+61 455 335 000,Construction company,http://www.sydneymetrohomes.com.au/
The Construction Site,+61 414 234 441,Video production service,http://theconstructionsite.com.au/
Meridian Construction Services,+61 2 9599 0399,Construction company,https://www.meridianconstruction.com.au/
Gabru Group,+61 439 952 531,Construction company,http://www.gabrugroup.com/
Wynn Construction Group,+61 2 9579 5966,Construction company,https://www.wynnconstructiongroup.com.au/
Multiplex,+61 2 9322 2400,Construction company,http://www.multiplex.global/
Belmadar,+61 2 8436 3500,Construction company,http://www.belmadar.com.au/
LLOYD Building Pty LTD,+61 422 450 372,Construction company,https://lloydconstructions.com.au/
Skyview Construction,+61 418 212 008,Architecture firm,http://skyviewinfo.com.au/
Connect Constructions,+61 2 9016 8527,Construction company,http://connectconstructions.com.au/
Major Constructions Pty Ltd,+61 412 619 893,Construction company,http://majorconstructions.com.au/
Kuber Homes,+61 1300 582 374,Construction company,http://www.kuberhomes.com.au/
Nobby Kitchens Pymble,(02) 9498 1377,Kitchen Renovator,
PLUMBLOGIC PLUMBING,(02) 9672 1184,Plumber,
Diamond Constructions,+61 2 5657 8888,Construction company,http://www.dcltd.com.au/
Construct Estimates Pty Ltd,+61 488 620 354,Quantity surveyor,https://constructestimates.com/
Menai Civil Contractors Pty Ltd.,+61 2 9605 2222,Contractor,http://www.menaicivil.com.au/
Sunshine Contracting Group,+61 2 9127 8050,Corporate office,http://sunshinecontracting.com.au/
CANON CONSTRUCTIONS,+61 2 9239 3128,Construction company,
Pearson Industries,+61 450 677 357,Construction company,https://www.pearsonindustries.com.au/
United Homes and Construction Pty Ltd,+61 405 603 804,Construction company,http://www.unitedhomes.com.au/
Favourite Home Pty Ltd,+61 479 161 318,Construction company,https://favouritehome.com.au/
TOPS,+61 450 595 534,Construction company,https://www.facebook.com/construction.tops
Redford Constructions,+61 2 9222 7779,Construction company,http://www.redford.com.au/contact_redfordconstructions.htm
NexGen Construction,+61 2 9261 1062,Construction company,http://nex-gen.au/
Taren Contractors,+61 419 988 892,Contractor,http://tarengroup.com/
Syd Civil demolition and excavation,+61 404 578 529,Demolition contractor,https://sydcivil.com.au/
IDCO Group,+61 416 023 197,Construction company,https://idcogroup.com/
Lonestar Building Services,+61 433 947 378,Construction company,https://lonestarbuildingservices.com.au/
Prospace Constructions,+61 423 045 029,Construction company,https://prospaceconstructions.com.au/?utm_source=Google&utm_medium=GMB&utm_campaign=GMB%2FOrganic
,,,
